{"cameraMode":{"drawMode":0,"name":"Shaded","section":"Shading Mode"},"sceneLighting":false,"audioPlay":false,"sceneViewState":{"m_AlwaysRefresh":false,"showFog":true,"showSkybox":false,"showFlares":true,"showImageEffects":true,"showParticleSystems":true,"showVisualEffectGraphs":true,"m_FxEnabled":true},"in2DMode":false,"pivot":{"x":0.29992836713790896,"y":-5.03411865234375,"z":-0.8448972702026367},"rotation":{"x":-0.6293219923973084,"y":-0.05041193217039108,"z":0.041190098971128467,"w":-0.7747372984886169},"size":15.538223266601563,"orthographic":false}