{"cameraMode":{"drawMode":0,"name":"Shaded","section":"Shading Mode"},"sceneLighting":true,"audioPlay":false,"sceneViewState":{"m_AlwaysRefresh":false,"showFog":true,"showSkybox":false,"showFlares":true,"showImageEffects":true,"showParticleSystems":true,"showVisualEffectGraphs":true,"m_FxEnabled":true},"in2DMode":false,"pivot":{"x":21.387767791748048,"y":2.9282898902893068,"z":12.455903053283692},"rotation":{"x":-0.023363908752799035,"y":0.7855534553527832,"z":-0.02971571497619152,"w":-0.6176400780677795},"size":0.8660253882408142,"orthographic":false}