{"cameraMode":{"drawMode":0,"name":"Shaded","section":"Shading Mode"},"sceneLighting":false,"audioPlay":false,"sceneViewState":{"m_AlwaysRefresh":false,"showFog":true,"showSkybox":false,"showFlares":true,"showImageEffects":true,"showParticleSystems":true,"showVisualEffectGraphs":true,"m_FxEnabled":true},"in2DMode":false,"pivot":{"x":-0.036728501319885257,"y":-13.41590690612793,"z":1.9503602981567383},"rotation":{"x":-0.6504574418067932,"y":0.029945917427539827,"z":-0.025407813489437105,"w":-0.7588786482810974},"size":19.64408302307129,"orthographic":false}