{"cameraMode":{"drawMode":0,"name":"Shaded","section":"Shading Mode"},"sceneLighting":false,"audioPlay":false,"sceneViewState":{"m_AlwaysRefresh":false,"showFog":true,"showSkybox":false,"showFlares":true,"showImageEffects":true,"showParticleSystems":true,"showVisualEffectGraphs":true,"m_FxEnabled":true},"in2DMode":false,"pivot":{"x":-1.395947813987732,"y":-1.0270277261734009,"z":0.12103761732578278},"rotation":{"x":-0.7018336653709412,"y":-0.06375864148139954,"z":0.06384293735027313,"w":-0.7069365382194519},"size":11.622201919555664,"orthographic":false}